{"initial_reset_timestamp": 1591182626.093599, "timestamps": [1591182639.054383, 1591182653.6044793, 1591182667.9834855, 1591182683.6615438, 1591182690.0529902, 1591182710.6526377, 1591182717.94428, 1591182729.4848545, 1591182737.1705978, 1591182751.145815, 1591182762.759542, 1591182778.62076], "episode_lengths": [668, 863, 962, 1056, 427, 1400, 488, 772, 493, 935, 783, 1078], "episode_rewards": [265.0, 330.0, 395.0, 625.0, 105.0, 545.0, 170.0, 310.0, 160.0, 605.0, 290.0, 555.0], "episode_types": ["t", "t", "t", "t", "t", "t", "t", "t", "t", "t", "t", "t", "t"]}